Workbook

Sheet الاصناف
A1: COMP | B1: GOID | C1: BARCODE | D1: MAIN GOID | E1: Item_name | F1: Item_name2 | G1: Sale1 | H1: Sale2 | I1: Sale3 | J1: Sale4 | K1: Sale5 | L1: VAT | M1: Branch | N1: Qty | O1: HQty | P1: Cost | Q1: TotalCost | R1: SET | S1: Category | T1: Unit | U1: Brand | V1: Origin | W1: Supplier | X1: Size | Y1: Color | Z1: Family | AA1: Group | AB1: HIGHT | AC1: WEIGHT | AD1: THICKNESS | AE1: UMLASALEPRICE | AF1: Sale1TTC | AG1: Sale2TTC | AH1: Sale3TTC | AI1: Sale4TTC | AJ1: Sale5TTC | AK1: Set_Name | AL1: Category_Name | AM1: Unit_Name | AN1: Brand_Name | AO1: Origin_Name | AP1: Supplier_Name | AQ1: DSize_Name | AR1: Color_Name | AS1: Family_Name | AT1: Group_Name
A2: NOUR26 | B2: JNZR-T | C2: JNZR-T | E2: LEO 3HP 380V 2 TURB | M2: 1 | N2: -8 | O2: 0 | P2: 12.5 | Q2: -100 | W2: 400017 | AE2: 0 | AP2: غنوم
A3: NOUR26 | B3: GKK | C3: GKK | E3: LEO / COMET FLOW SWITCH FS01 | I3: 1 | M3: 1 | N3: -28 | O3: 0 | P3: 0.65 | Q3: -18.2 | R3: 0 | S3: 0 | T3: PCS | U3: 0 | V3: 0 | W3: 400119 | AE3: 0 | AH3: 1 | AP3: الشيخ احمد عز الدين
A4: NOUR26 | B4: JOINT | C4: JOINT | E4: LEO 15-90A/160 طلمبة اوتوماتيك | M4: 1 | N4: 2 | O4: 0 | P4: 7 | Q4: 14 | R4: 1 | S4: 0 | T4: 0 | U4: 0 | V4: 0 | W4: 400017 | X4: GALON | Y4: WHITE | AE4: 0 | AK4: SET 1 | AP4: غنوم
A5: NOUR26 | B5: JAWZE | C5: JAWZE | E5: LEO 2 HP 220V 2 TURBINE /66MTS | M5: 1 | N5: 592 | O5: 0 | P5: 2.25 | Q5: 1332 | R5: 0 | S5: 0 | T5: 0 | U5: 0 | V5: 0 | W5: 400158 | X5: GALON | Y5: WHITE | AE5: 0 | AP5: علي بازون
A6: NOUR26 | B6: JELEH | C6: JELEH | E6: LEO 24 LT بالون ضغط | M6: 1 | N6: -8 | O6: 0 | P6: 1.66 | Q6: -13.32 | R6: 0 | S6: 0 | T6: PCS | W6: 400017 | AE6: 0 | AP6: غنوم
A7: NOUR26 | B7: HT | C7: HT | E7: LEO 2AC300H 4HP 2 TURB 380V | M7: 1 | N7: -1 | O7: 0 | P7: 58.28 | Q7: -58.28 | R7: 0 | S7: 0 | T7: 0 | W7: 400010 | AE7: 0 | AP7: ميوركس
A8: NOUR26 | B8: HBL | C8: HBL | E8: LEO 2ACm150 2HP 220V موتير ليو توربين | G8: 175 | M8: 1 | N8: -38.35 | O8: 0 | P8: 1 | Q8: -38.35 | R8: 0 | S8: 0 | T8: 0 | U8: 0 | V8: 0 | W8: 400017 | X8: GALON | Y8: WHITE | AE8: 0 | AP8: غنوم
A9: NOUR26 | B9: HBLGHSL | C9: HBLGHSL | E9: LEO 2ACM150 طقم فراشات | M9: 1 | N9: 1056.5 | O9: 0 | P9: 1.4 | Q9: 1479.1 | R9: 0 | S9: 0 | T9: KILO | U9: 0 | V9: 0 | W9: 400158 | X9: GALON | Y9: WHITE | AE9: 0 | AP9: علي بازون
E10: LEO 3HP 220V 2TURB
A11: NOUR26 | B11: HAGAR10 | C11: HAGAR10 | E11: LEO 3HP 2XCM25/160A 220V 2 TURB | M11: 1 | N11: -4033 | O11: 0 | P11: 5.94 | Q11: -23958.44 | R11: 0 | S11: 0 | T11: PCS | W11: 400150 | AE11: 0 | AP11: حسن الحريري ترابة ورمل لبناني
A12: NOUR26 | B12: HAGAR12 | C12: HAGAR12 | E12: LEO 4 ACM/60 طلمبة ماء صامته | G12: 100 | M12: 1 | N12: -1177 | O12: 0 | P12: 1.58 | Q12: -1864.55 | R12: 0 | S12: 0 | T12: PCS | W12: 400150 | AE12: 0 | AP12: حسن الحريري ترابة ورمل لبناني
A13: NOUR26 | B13: HAGAR15 | C13: HAGAR15 | E13: LEO 4 ACM/75 طلمبة ماء صامتة | G13: 125 | M13: 1 | N13: -811 | O13: 0 | P13: 5.45 | Q13: -4416.3 | R13: 0 | S13: 0 | T13: PCS | W13: 400150 | AE13: 0 | AP13: حسن الحريري ترابة ورمل لبناني
A14: NOUR26 | B14: HAGAR20 | C14: HAGAR20 | E14: LEO 4XCM 120C 1HP موتير ماء صامته ستانلس | M14: 1 | N14: -23 | O14: 0 | P14: 1.06 | Q14: -24.29 | R14: 0 | S14: 0 | T14: PCS | W14: 400089 | AE14: 0 | AP14: حسن الحريري - ترابة ورمل $
A15: NOUR26 | B15: HAGAR6 | C15: HAGAR6 | E15: LEO 65WQ25-22-3 4HP موتير فرامة | M15: 1 | N15: -548 | O15: 0 | P15: 2.64 | Q15: -1446.86 | R15: 0 | S15: 0 | T15: PCS | W15: 400150 | AE15: 0 | AP15: حسن الحريري ترابة ورمل لبناني
A16: NOUR26 | B16: HAGAR8 | C16: HAGAR8 | E16: LEO AJM 60H JET 0.75 HP موتير سارق | M16: 1 | N16: -56 | O16: 0 | P16: 0.3 | Q16: -16.8 | R16: 0 | S16: 0 | T16: PCS | W16: 410004 | AE16: 0 | AP16: السادة محلات واصف سنو المحترمين
A17: NOUR26 | B17: HAGAR | C17: HAGAR | E17: LEO APM150 2 طلمبة ماء عادي | M17: 1 | N17: 38 | O17: 0 | P17: 1.75 | Q17: 66.5 | R17: 0 | S17: 0 | T17: PCS | U17: 0 | V17: 0 | W17: 400017 | X17: GALON | Y17: WHITE | AE17: 0 | AP17: غنوم
A18: NOUR26 | B18: HAG-FOF | C18: HAG-FOF | E18: LEO EASY PTRESS/N | M18: 1 | N18: 5 | O18: 0 | P18: 10 | Q18: 50 | W18: 400030 | AE18: 0 | AP18: علي قبيسي
A19: NOUR26 | B19: HD | C19: HD | E19: LEO EMHM 4-7 1.75HP طلمبة صامته فراش ستانلس | M19: 1 | N19: -1 | O19: 0 | AE19: 0
E20: LEO EMHM 8-4 3HP طلمبة صامته فراش ستانلس
A21: NOUR26 | B21: HRQ | C21: HRQ | E21: LEO EMHM4-6 1.5 HP موتير صامت فراش | M21: 1 | N21: 49 | O21: 0 | P21: 2.5 | Q21: 122.5 | R21: 0 | S21: 0 | T21: PCS | U21: 0 | V21: 0 | W21: 400154 | X21: GALON | Y21: WHITE | AE21: 0 | AP21: عمر اسومه كهرباء
A22: NOUR26 | B22: HARK-C | C22: HARK-C | E22: LEO EVPM 2-9 2HP طلمبة ماء عامودية | M22: 1 | N22: 5 | O22: 0 | P22: 7 | Q22: 35 | R22: 0 | S22: 0 | T22: PCS | W22: 400030 | AE22: 0 | AP22: علي قبيسي
A23: NOUR26 | B23: HZAM | C23: HZAM | E23: LEO LVR 4-16 4 HP 380 V طلمبة عامودية | M23: 1 | N23: 2 | O23: 0 | P23: 8 | Q23: 16 | W23: 400017 | AE23: 0 | AP23: غنوم
A24: NOUR26 | B24: HFF | C24: HFF | E24: LEO LVR 4-22 5.5HP 380 V طلمبة عامودية | M24: 1 | N24: 157 | O24: 0 | P24: 1 | Q24: 157 | R24: 0 | S24: 0 | T24: PCS | U24: 0 | V24: 0 | W24: 400154 | X24: GALON | Y24: WHITE | AE24: 0 | AP24: عمر اسومه كهرباء
A25: NOUR26 | B25: LCICOLNSABI15*7.5 | C25: LCICOLNSABI15*7.5 | E25: LEO PQ50E طلمبة ماء اتوماتيك مع غطاء | G25: 80 | I25: 11 | M25: 1 | N25: 2 | O25: 0 | P25: 6.12 | Q25: 12.23 | R25: LECICO | S25: 0 | T25: PCS | U25: 0 | V25: 0 | W25: 400010 | AE25: 0 | AH25: 11 | AP25: ميوركس
A26: NOUR26 | B26: PROT | C26: PROT | E26: LEO PRESS CONTROL | G26: 25 | M26: 1 | N26: 9 | O26: 0 | P26: 4.5 | Q26: 40.5 | R26: 0 | S26: 0 | T26: 0 | U26: 0 | V26: 0 | W26: 400154 | AE26: 0 | AP26: عمر اسومه كهرباء
A27: NOUR26 | B27: HB | C27: HB | E27: LEO XKP2204 380V موتير مسبح | M27: 1 | N27: 320 | O27: 0 | P27: 2.25 | Q27: 720 | R27: 0 | S27: 0 | T27: PCS | U27: 0 | V27: 0 | W27: 410120 | AE27: 0 | AP27: السادة محلات الحنون المحترمين
A28: NOUR26 | B28: MIXHA1/2 TAK | C28: MIXHA1/2 TAK | E28: LEO بالون ضغط 100 ليتر | M28: 1 | N28: -11 | O28: 0 | R28: MIXER | S28: 0 | T28: SET | U28: 0 | V28: 0 | W28: 400002 | X28: GALON | Y28: WHITE | AE28: 0 | AP28: وسام عيتاني
E29: LEO بالون ضغط 50 ليتر
A30: NOUR26 | B30: HANAF-T-C | C30: HANAF-T-C | E30: LEO موتير 0.5 حصان صامت ليو 3ACM45 | G30: 85 | M30: 1 | N30: 117 | O30: 0 | P30: 3.5 | Q30: 409.5 | R30: 0 | S30: 0 | T30: PCS | U30: 0 | V30: 0 | W30: 400186 | X30: GALON | Y30: WHITE | AE30: 0 | AP30: حسن قرمش
A31: NOUR26 | B31: HOQN | C31: HOQN | E31: LEO موتير 0.5 حصان ليو ACM37 TURBINE | G31: 75 | M31: 1 | N31: 2 | O31: 0 | P31: 7.5 | Q31: 15 | R31: 0 | S31: 0 | T31: 0 | U31: 0 | V31: 0 | W31: 400121 | AE31: 0 | AP31: عمر كردلي
A32: NOUR26 | B32: GHSHNF | C32: GHSHNF | E32: LEO موتير 0.5 حصان ليو AJM 30سارق | M32: 1 | N32: -98 | O32: 0 | P32: 1.45 | Q32: -142.1 | R32: 0 | S32: 0 | T32: PCS | U32: 0 | V32: 0 | W32: 400033 | AE32: 0 | AP32: ربيع البسط
E33: LEO موتير 0.5 حصان ليو APM37 | G33: 35
E34: LEO موتير 0.75 حصان صامت ليو ACM60
E35: LEO موتير 0.75 حصان ليو APM 60 | G35: 55
E36: LEO موتير 1 حصان صامت ليو | G36: 120
A37: NOUR26 | B37: HANAFK | C37: HANAFK | E37: LEO موتير 1 حصان ليو ACM75 TURBINE | M37: 1 | N37: 17 | O37: 0 | P37: 23.71 | Q37: 403.07 | R37: 0 | S37: 0 | T37: PCS | W37: 400027 | AE37: 0 | AP37: عازار
A38: NOUR26 | B38: TREM-H | C38: TREM-H | E38: LEO موتير 1 حصان ليو AJM 75 طلمبة ماء سارق | M38: 1 | N38: 28 | O38: 0 | P38: 28.38 | Q38: 794.54 | W38: 400184 | AE38: 0 | AP38: AZAR BROTHER SAL
A39: NOUR26 | B39: HL | C39: HL | E39: LEO موتير 1 حصان ليو APM 75 طلمبة ماء | M39: 1 | N39: 511 | O39: 0 | P39: 5 | Q39: 2555 | R39: 0 | S39: 0 | T39: PCS | U39: 0 | V39: 0 | W39: 400130 | AE39: 0 | AP39: فوزي عيتاني
E40: LEO موتير 1 حصان ليو APM 90 طلمبة ماء | G40: 95
E41: LEO موتير 1.5 حصان دوبل توربين ليو
A42: NOUR26 | B42: F-NFLO-06007 | C42: F-NFLO-06007 | E42: LEO موتير 1.5 حصان ليو APM 110 طلمبة ماء عادي | G42: 145 | M42: 1 | N42: 155 | O42: 0 | P42: 3.25 | Q42: 503.75 | R42: 0 | S42: 0 | T42: 0 | U42: 0 | V42: 0 | W42: 410120 | AE42: 0 | AP42: السادة محلات الحنون المحترمين
A43: NOUR26 | B43: HMB | C43: HMB | E43: LEO موتير 1.5 حصان ليو توربين 1 XCM170 | M43: 1 | N43: 60 | O43: 0 | P43: 0.5 | Q43: 30 | R43: 0 | S43: 0 | T43: PCS | U43: 0 | V43: 0 | W43: 410120 | AE43: 0 | AP43: السادة محلات الحنون المحترمين
E44: LEO موتير 3 حصان دوبل توربين ليو
E45: LEO موتير 4 حصان دوبل توربين ليو
A46: NOUR26 | B46: WBR-770090 | C46: WBR-770090 | E46: LEO موتير اتوماتيك ليو LKSM350AU طرمبة مع برس كنترول | M46: 1 | N46: 6 | O46: 0 | P46: 27.17 | Q46: 163.02 | W46: 400208 | AE46: 0 | AP46: شركة صالح اخوان للتجارة العامه / يورو
E47: LEO موتير اتوماتيك ليو XKSM13O طرمبة مع برس كنترول | G47: 75
A48: NOUR26 | B48: HMHF | C48: HMHF | E48: LEO موتير غاطسة ليو | M48: 1 | N48: 4 | O48: 0 | P48: 20 | Q48: 80 | R48: 0 | S48: 0 | T48: 0 | U48: 0 | V48: 0 | W48: 400042 | AE48: 0 | AP48: بلال عكش
E49: LEO موتير فرامة ليو
A50: NOUR26 | B50: HMHC | C50: HMHC | E50: LEO موتير نافورة ليو | M50: 1 | N50: 657 | O50: 0 | P50: 20 | Q50: 13140 | R50: 0 | S50: 0 | T50: 0 | U50: 0 | V50: 0 | W50: 400042 | AE50: 0 | AP50: بلال عكش
A51: NOUR26 | B51: WTB3 | C51: WTB3 | E51: اتوماتيك موتير وستن WSTN | G51: 5 | M51: 1 | N51: 7 | O51: 0 | P51: 2.22 | Q51: 15.54 | W51: 400030 | AE51: 0 | AP51: علي قبيسي
A52: NOUR26 | B52: ESY1 1/2 | C52: ESY1 1/2 | E52: اسافين 6 ملم | G52: 3.5 | I52: 2 | M52: 1 | N52: 5078 | O52: 0 | P52: 0.85 | Q52: 4316.3 | R52: 0 | S52: 0 | T52: PCS | U52: 0 | V52: 0 | W52: 410298 | X52: GALON | Y52: WHITE | AE52: 0 | AH52: 2 | AP52: المحترمين FIRM السادة
A53: NOUR26 | B53: ESYF1 1/2 | C53: ESYF1 1/2 | E53: اسافين بلاط احمر | G53: 2.75 | M53: 1 | N53: 7 | O53: 0 | P53: 1.25 | Q53: 8.75 | R53: 0 | S53: 0 | T53: PCS | W53: 400042 | AE53: 0 | AP53: بلال عكش
A54: NOUR26 | B54: ESYF1 1/2-B | C54: ESYF1 1/2-B | E54: اسافين دق 6 ملم | G54: 3 | M54: 1 | N54: 20 | O54: 0 | P54: 1.5 | Q54: 30 | R54: 0 | S54: 0 | T54: PCS | U54: 0 | V54: 0 | W54: 400042 | X54: GALON | Y54: WHITE | AE54: 0 | AP54: بلال عكش
A55: NOUR26 | B55: SBMGHL | C55: SBMGHL | E55: اسافين دق 8 ملم | G55: 3 | M55: 1 | N55: 804 | O55: 0 | P55: 0.8 | Q55: 643.2 | R55: 0 | S55: 0 | T55: PCS | U55: 0 | V55: 0 | W55: 400061 | X55: GALON | Y55: WHITE | AE55: 0 | AP55: حسن المقداد
A56: NOUR26 | B56: PVCTFB1 1/2 | C56: PVCTFB1 1/2 | E56: اصبع تلزيق | G56: 1 | I56: 0.8 | M56: 1 | N56: 344 | O56: 0 | P56: 0.26 | Q56: 89.22 | R56: PVC | S56: 0 | T56: PCS | U56: 0 | V56: 0 | W56: 400194 | AE56: 0 | AH56: 0.8 | AP56: فراس
A57: NOUR26 | B57: ZRBT1 1/2 | C57: ZRBT1 1/2 | E57: ايزي فليكس 1 1/2 تركي | G57: 1.5 | M57: 1 | N57: -5 | O57: 0 | P57: 5 | Q57: -25 | R57: ZRB | T57: PCS | W57: 410302 | AE57: 0 | AP57: السادة شركة عبد الحليم شهاب واولاده ش.م.م
A58: NOUR26 | B58: JLD1 1/2 | C58: JLD1 1/2 | E58: ايزي فليكس 1 1/2 صيني | G58: 1 | M58: 1 | N58: -5.5 | O58: 0 | P58: 20 | Q58: -110 | R58: 0 | S58: 0 | T58: 0 | U58: 0 | V58: 0 | W58: 400033 | X58: GALON | Y58: WHITE | AE58: 0 | AP58: ربيع البسط
A59: NOUR26 | B59: GH1 1/2 | C59: GH1 1/2 | E59: ايزي فليكس 1 1/4 تركي | G59: 1.5 | I59: 1 | M59: 1 | N59: 2076 | O59: 0 | P59: 0.23 | Q59: 477.48 | R59: 0 | S59: 0 | T59: PCS | U59: 0 | V59: 0 | W59: 400033 | X59: GALON | Y59: WHITE | AE59: 0 | AH59: 1 | AP59: ربيع البسط
A60: NOUR26 | B60: RB1 1/2 | C60: RB1 1/2 | E60: ايزي فليكس 1 1/4 صيني | G60: 1 | M60: 1 | N60: 1185 | O60: 0 | P60: 0.39 | Q60: 457.65 | R60: 0 | S60: 0 | T60: SET | U60: 0 | V60: 0 | W60: 400125 | AE60: 0 | AP60: عبد الاحد
A61: NOUR26 | B61: RK1 1/2 | C61: RK1 1/2 | E61: ايزي فليكس مع صباب 1 1/4 تركي | G61: 1.5 | M61: 1 | N61: -7 | O61: 0 | P61: 4.91 | Q61: -34.4 | R61: 0 | S61: 0 | T61: PCS | U61: 0 | V61: 0 | W61: 400026 | AE61: 0 | AP61: عبد الله عيتاني وشركاه - ايكو
A62: NOUR26 | B62: SG1 1/2 | C62: SG1 1/2 | E62: بار دوش دوبل غروهي صيني | G62: 50 | M62: 1 | N62: -41 | O62: 0 | P62: 21.98 | Q62: -901.1 | R62: 0 | S62: 0 | T62: PCS | W62: 400159 | AE62: 0 | AP62: خوري انترناشيونال ش.م.ل
A63: NOUR26 | B63: SQ1 1/2 | C63: SQ1 1/2 | E63: بار دوش شاور بانل دوبل رمادي تركي | G63: 35 | M63: 1 | N63: 3 | O63: 0 | P63: 7.75 | Q63: 23.25 | R63: 0 | S63: 0 | T63: PCS | U63: 0 | V63: 0 | W63: 410120 | X63: GALON | Y63: WHITE | AE63: 0 | AP63: السادة محلات الحنون المحترمين
A64: NOUR26 | B64: SQI1 1/2 | C64: SQI1 1/2 | E64: بار دوش شاور بانل دوبل طاسة كبيرة ابيض تركي بريفا PRIVA | G64: 35 | M64: 1 | N64: 101 | O64: 0 | P64: 22.99 | Q64: 2321.6 | R64: 0 | S64: 0 | T64: PCS | U64: 0 | V64: 0 | W64: 400215 | AE64: 0 | AP64: شركه عبد الاحد / محل زين
A65: NOUR26 | B65: SKP 1 1/2 | C65: SKP 1 1/2 | E65: بار دوش شاور بانل دوبل كروم اسود تركي بريفا PRIVA | G65: 35 | M65: 1 | N65: 20 | O65: 0 | P65: 3 | Q65: 60 | W65: 410260 | AE65: 0 | AP65: السيد محمود عمايا المحترم
A66: NOUR26 | B66: SK1 1/2 | C66: SK1 1/2 | E66: بار دوش غروهي صيني | G66: 18 | M66: 1 | N66: 7 | O66: 0 | P66: 15.35 | Q66: 107.47 | R66: 0 | S66: 0 | T66: PCS | W66: 400160 | AE66: 0 | AP66: خوري انترناشيونال ش.م.ل-يورو
A67: NOUR26 | B67: SMR1 1/2 | C67: SMR1 1/2 | E67: باكس المنيوم 16 ملم سعر المتر | G67: 0.5 | M67: 1 | N67: 18 | O67: 0 | P67: 20.56 | Q67: 370.13 | R67: 0 | S67: 0 | T67: PCS | W67: 400160 | AE67: 0 | AP67: خوري انترناشيونال ش.م.ل-يورو
A68: NOUR26 | B68: TI1 1/2 | C68: TI1 1/2 | E68: باكس المنيوم 18 ملم سعر المتر | G68: 0.65 | M68: 1 | N68: 4 | O68: 0 | P68: 47 | Q68: 188 | R68: 0 | S68: 0 | T68: PCS | U68: 0 | V68: 0 | W68: 400029 | AE68: 0 | AP68: زكريا شعر
A69: NOUR26 | B69: PVCKB1 1/2 | C69: PVCKB1 1/2 | E69: باكس المنيوم 20 ملم سعر المتر | G69: 0.75 | I69: 1 | M69: 1 | N69: 395.3 | O69: 0 | P69: 5.99 | Q69: 2369.47 | R69: PVC | S69: 0 | T69: PIPE | U69: 0 | V69: 0 | W69: 400002 | X69: GALON | Y69: WHITE | AE69: 0 | AF69: 1.75 | AH69: 1 | AP69: وسام عيتاني
A70: NOUR26 | B70: KHTS1 1/2 | C70: KHTS1 1/2 | E70: باكس المنيوم 25 ملم سعر المتر | G70: 1.75 | I70: 8.89 | M70: 1 | N70: 27 | O70: 0 | P70: 44.14 | Q70: 1191.8 | R70: TURKEY | S70: 0 | T70: PIPE | U70: 0 | V70: 0 | W70: 400159 | AE70: 0 | AH70: 8.89 | AP70: خوري انترناشيونال ش.م.ل
A71: NOUR26 | B71: KHSH1 1/2 | C71: KHSH1 1/2 | E71: باكس المنيوم 32 ملم سعر المتر | M71: 1 | N71: 42 | O71: 0 | P71: 15.59 | Q71: 654.92 | R71: 0 | S71: 0 | T71: PIPE | U71: 0 | V71: 0 | W71: 400160 | AE71: 0 | AP71: خوري انترناشيونال ش.م.ل-يورو
A72: NOUR26 | B72: KBA1 1/2 | C72: KBA1 1/2 | E72: بالون ضغط 24 لتر ليو LEO | I72: 1 | M72: 1 | N72: -3 | O72: 0 | P72: 0.8 | Q72: -2.4 | R72: 0 | S72: 0 | T72: PCS | U72: 0 | V72: 0 | W72: 400045 | AE72: 0 | AH72: 1 | AP72: حسن حمدان
A73: NOUR26 | B73: PVCKZB1 1/2 | C73: PVCKZB1 1/2 | E73: بانيو 150 سم تول ابيض ايطالي | I73: 0.75 | M73: 1 | N73: 1809 | O73: 0 | P73: 0.28 | Q73: 497.48 | R73: PVC | S73: 0 | T73: PCS | U73: 0 | V73: 0 | W73: 400112 | AE73: 0 | AH73: 0.75 | AP73: حسن المصري 2017
A74: NOUR26 | B74: PVCKFB1 1/2 | C74: PVCKFB1 1/2 | E74: بانيو 160 سم تول ابيض ايطالي | I74: 0.5 | M74: 1 | N74: 1521 | O74: 0 | P74: 0.28 | Q74: 418.28 | R74: PVC | S74: 0 | T74: PCS | U74: 0 | V74: 0 | W74: 400112 | X74: GALON | Y74: WHITE | AE74: 0 | AF74: 0.75 | AH74: 0.5 | AP74: حسن المصري 2017
A75: NOUR26 | B75: ZRBK1 1/2 | C75: ZRBK1 1/2 | E75: بانيو 170 سم تول ابيض ايطالي | M75: 1 | N75: 46 | O75: 0 | P75: 2.55 | Q75: 117.3 | R75: ZRB | S75: 0 | T75: PCS | U75: 0 | V75: 0 | W75: 400061 | AE75: 0 | AP75: حسن المقداد
A76: NOUR26 | B76: ZRBNB1 1/2 | C76: ZRBNB1 1/2 | E76: برس كونترول كومت COMET | G76: 20 | M76: 1 | N76: -194 | O76: 0 | P76: 45 | Q76: -8730 | R76: ZRB | S76: 0 | T76: PAC | U76: 0 | V76: 0 | W76: 400061 | X76: GALON | Y76: WHITE | AE76: 0 | AP76: حسن المقداد
A77: NOUR26 | B77: NRB-1 1/2 | C77: NRB-1 1/2 | E77: برس كونترول ليو LEO | G77: 25 | M77: 1 | N77: 2 | O77: 0 | P77: 27 | Q77: 54 | R77: ZRB | S77: 0 | T77: PAC | W77: 400042 | AE77: 0 | AP77: بلال عكش
A78: NOUR26 | B78: PVCWBB1 1/2 | C78: PVCWBB1 1/2 | E78: برس كونترول من فوق مونرو MONRO | G78: 25 | I78: 1.3 | M78: 1 | N78: -5 | O78: 0 | R78: PVC | S78: 0 | T78: PCS | U78: 0 | V78: 0 | W78: 400013 | AE78: 0 | AH78: 1.3 | AP78: شركة حسن الجمل واولاده التجارية
A79: NOUR26 | B79: PVCWB1 1/2 | C79: PVCWB1 1/2 | E79: برميل اندركود مائي | G79: 45 | I79: 0.6 | M79: 1 | N79: 376 | O79: 0 | P79: 0.28 | Q79: 103.4 | R79: PVC | S79: 0 | T79: PCS | U79: 0 | V79: 0 | W79: 400112 | AE79: 0 | AH79: 0.6 | AP79: حسن المصري 2017
A80: NOUR26 | B80: ZRBWD1 1/2 | C80: ZRBWD1 1/2 | E80: برميل طرش نص كاوتشوك ابيض 100 بريمو PRIMO | G80: 35 | M80: 1 | N80: 87 | O80: 0 | P80: 1.95 | Q80: 169.65 | R80: ZRB | S80: 0 | T80: PCS | U80: 0 | V80: 0 | W80: 400061 | X80: GALON | Y80: WHITE | AE80: 0 | AP80: حسن المقداد
A81: NOUR26 | B81: PVCWMB1 1/2 | C81: PVCWMB1 1/2 | E81: برميل طرش نص كاوتشوك ابيض ماكس MAX | G81: 20 | I81: 0.6 | M81: 1 | N81: 288 | O81: 0 | P81: 0.19 | Q81: 54 | R81: PVC | S81: 0 | T81: PCS | U81: 0 | V81: 0 | W81: 400112 | X81: GALON | Y81: WHITE | AE81: 0 | AH81: 0.6 | AP81: حسن المصري 2017
A82: NOUR26 | B82: ZRBT1 1/2*50 | C82: ZRBT1 1/2*50 | E82: برميل طرش نص كاوتشوك اوف وايت 101 بريمو PRIMO | G82: 35 | M82: 1 | N82: 13 | O82: 0 | P82: 2.63 | Q82: 34.19 | R82: PPR | S82: 0 | T82: PCS | U82: 0 | V82: 0 | W82: 400061 | X82: GALON | Y82: WHITE | AE82: 0 | AP82: حسن المقداد
A83: NOUR26 | B83: SK-50*1 1/2 | C83: SK-50*1 1/2 | E83: برميل طرش نص كاوتشوك اوف وايت ماكس MAX | G83: 20 | M83: 1 | N83: 1 | O83: 0 | P83: 7.33 | Q83: 7.33 | W83: 400061 | AE83: 0 | AP83: حسن المقداد
A84: NOUR26 | B84: ESY1 1/4 | C84: ESY1 1/4 | E84: برميل طرش نص كاوتشوك عاج 105 بريمو PRIMO | G84: 35 | I84: 2 | M84: 1 | N84: 5813 | O84: 0 | P84: 0.85 | Q84: 4941.05 | R84: 0 | S84: 0 | T84: PCS | U84: 0 | V84: 0 | W84: 400028 | X84: GALON | Y84: WHITE | AE84: 0 | AH84: 2 | AP84: اكوالينك
A85: NOUR26 | B85: SBMGHSE | C85: SBMGHSE | E85: برميل طرش نص كاوتشوك عاج خفيف 104 بريمو PRIMO | G85: 35 | M85: 1 | N85: 566 | O85: 0 | P85: 0.65 | Q85: 367.9 | R85: 0 | S85: 0 | T85: PCS | U85: 0 | V85: 0 | W85: 400061 | AE85: 0 | AP85: حسن المقداد
A86: NOUR26 | B86: PVCTFB1 1/4 | C86: PVCTFB1 1/4 | E86: برميل طرش نص كاوتشوك غاردينا 102 بريمو PRIMO | G86: 35 | I86: 0.75 | M86: 1 | N86: 235 | O86: 0 | P86: 0.25 | Q86: 58.75 | R86: PVC | S86: 0 | T86: PCS | U86: 0 | V86: 0 | W86: 400112 | AE86: 0 | AH86: 0.75 | AP86: حسن المصري 2017
A87: NOUR26 | B87: ZRBT1 1/4 | C87: ZRBT1 1/4 | E87: برميل طرش نص كاوتشوك كريم ماكس MAX | G87: 20 | M87: 1 | N87: -5 | O87: 0 | P87: 3.15 | Q87: -15.75 | R87: ZRB | S87: 0 | T87: PCS | U87: 0 | V87: 0 | W87: 400061 | AE87: 0 | AP87: حسن المقداد
A88: NOUR26 | B88: JLD1 1/4 | C88: JLD1 1/4 | E88: برميل عازل ابيض ماكس MAX | G88: 37 | M88: 1 | N88: 154.5 | O88: 0 | P88: 20 | Q88: 3090 | R88: 0 | S88: 0 | T88: 0 | W88: 400033 | AE88: 0 | AP88: ربيع البسط
A89: NOUR26 | B89: GH1 1/4 | C89: GH1 1/4 | E89: برميل معجونة سماكات ماكس MAX | G89: 8 | I89: 1 | M89: 1 | N89: 1702 | O89: 0 | P89: 0.23 | Q89: 391.46 | R89: 0 | S89: 0 | T89: PCS | U89: 0 | V89: 0 | W89: 400033 | X89: GALON | Y89: WHITE | AE89: 0 | AH89: 1 | AP89: ربيع البسط
A90: NOUR26 | B90: RB1 1/4 | C90: RB1 1/4 | E90: برميل معجونة ناعمة ماكس MAX | G90: 8 | M90: 1 | N90: 1727 | O90: 0 | P90: 0.37 | Q90: 632.6 | R90: 0 | S90: 0 | T90: SET | U90: 0 | V90: 0 | W90: 400215 | X90: GALON | Y90: WHITE | AE90: 0 | AP90: شركه عبد الاحد / محل زين
A91: NOUR26 | B91: RBM1 1/4 | C91: RBM1 1/4 | E91: برميل نفط | G91: 15 | M91: 1 | N91: -1 | O91: 0 | P91: 0.36 | Q91: -0.36 | R91: 0 | S91: 0 | T91: SET | W91: 400103 | AE91: 0 | AP91: علي مراد
A92: NOUR26 | B92: ZRBRN1 1/4 | C92: ZRBRN1 1/4 | E92: برميل ونش | M92: 1 | N92: 172 | O92: 0 | P92: 0.7 | Q92: 120.4 | R92: ZRB | S92: 0 | T92: PCS | U92: 0 | V92: 0 | W92: 400061 | X92: GALON | Y92: WHITE | AE92: 0 | AP92: حسن المقداد
A93: NOUR26 | B93: RK1 1/4 | C93: RK1 1/4 | E93: بكادوش بورسلان مبروم ابيض 90*90 منزوع | M93: 1 | N93: 142 | O93: 0 | P93: 3.85 | Q93: 546.23 | R93: 0 | S93: 0 | T93: PCS | W93: 400003 | AE93: 0 | AP93: محمد عساف ابو عبدو
A94: NOUR26 | B94: ZRBRZ1 1/4 | C94: ZRBRZ1 1/4 | E94: بكادوش بورسلان مربع ابيض 80*80 | M94: 1 | N94: 176 | O94: 0 | P94: 0.7 | Q94: 123.2 | R94: ZRB | S94: 0 | T94: PCS | U94: 0 | V94: 0 | W94: 400061 | X94: GALON | Y94: WHITE | AE94: 0 | AP94: حسن المقداد
A95: NOUR26 | B95: SG1 1/4 | C95: SG1 1/4 | E95: بكادوش فيبر ابيض 80*100 | M95: 1 | N95: 51 | O95: 0 | P95: 18.32 | Q95: 934.06 | R95: 0 | S95: 0 | T95: PCS | W95: 400159 | AE95: 0 | AP95: خوري انترناشيونال ش.م.ل
A96: NOUR26 | B96: ZRBSZ1 1/4 | C96: ZRBSZ1 1/4 | E96: بكادوش فيبر ابيض 80*120 بركة | M96: 1 | N96: 19 | O96: 0 | P96: 5 | Q96: 95 | R96: ZRB | S96: 0 | T96: PCS | U96: 0 | V96: 0 | W96: 400061 | AE96: 0 | AP96: حسن المقداد
A97: NOUR26 | B97: SQ1 1/4 | C97: SQ1 1/4 | E97: بكادوش فيبر مبروم ابيض 80*80 عطريس | M97: 1 | N97: 175 | O97: 0 | P97: 5.75 | Q97: 1006.25 | R97: 0 | S97: 0 | T97: PCS | U97: 0 | V97: 0 | W97: 410120 | AE97: 0 | AP97: السادة محلات الحنون المحترمين
A98: NOUR26 | B98: SQI1 1/4 | C98: SQI1 1/4 | E98: بكادوش فيبر مبروم عاج 80*80 | M98: 1 | N98: 112 | O98: 0 | P98: 11.99 | Q98: 1342.95 | R98: 0 | S98: 0 | T98: PCS | U98: 0 | V98: 0 | W98: 400126 | AE98: 0 | AP98: عبد الاحد / يورو
A99: NOUR26 | B99: SK1 1/4 | C99: SK1 1/4 | E99: بوكس 30*30 | M99: 1 | N99: 67 | O99: 0 | P99: 9.76 | Q99: 654.1 | R99: 0 | S99: 0 | T99: PCS | U99: 0 | V99: 0 | W99: 400160 | X99: GALON | Y99: WHITE | AE99: 0 | AP99: خوري انترناشيونال ش.م.ل-يورو
A100: NOUR26 | B100: SKM1 1/4 | C100: SKM1 1/4 | E100: بوكس 40*40 | M100: 1 | N100: -6 | O100: 0 | P100: 5.7 | Q100: -34.2 | R100: 0 | S100: 0 | T100: PCS | W100: 400160 | AE100: 0 | AP100: خوري انترناشيونال ش.م.ل-يورو
...

Sheet النتائج
A1: قسطل
A2: 63
A7: {=_xlfn.LET(_xlpm.words, _xlfn._xlws.FILTER(A1:A6, A1:A6<>""), _xlfn._xlws.FILTER((الاصناف!E:E&"|"&الاصناف!G:G), _xlfn.BYROW(الاصناف!E:E, _xlfn.LAMBDA(_xlpm.name, AND(ISNUMBER(SEARCH(_xlpm.words, _xlpm.name))))), "لا نتائج"))} -> قسطل المنيوم تلحيم 63 ملم اخضر تركي| | B7: =IF(A7="","",HYPERLINK("#الاصناف!E"&MATCH(LEFT(A7,FIND("|",A7)-1),الاصناف!E:E,0),"✏️ " & LEFT(A7,FIND("|",A7)-1))) -> ✏️ قسطل المنيوم تلحيم 63 ملم اخضر تركي | C7: =IF(A7="","",HYPERLINK("#الاصناف!G"&MATCH(LEFT(A7,FIND("|",A7)-1),الاصناف!E:E,0),"💰 " & RIGHT(A7,LEN(A7)-FIND("|",A7)) & " $")) -> 💰 $
A8: قسطل المنيوم تلحيم 63 ملم اسود تركي| | B8: =IF(A8="","",HYPERLINK("#الاصناف!E"&MATCH(LEFT(A8,FIND("|",A8)-1),الاصناف!E:E,0),"✏️ " & LEFT(A8,FIND("|",A8)-1))) -> ✏️ قسطل المنيوم تلحيم 63 ملم اسود تركي | C8: =IF(A8="","",HYPERLINK("#الاصناف!G"&MATCH(LEFT(A8,FIND("|",A8)-1),الاصناف!E:E,0),"💰 " & RIGHT(A8,LEN(A8)-FIND("|",A8)) & " $")) -> 💰 $
A9: قسطل تلحيم 63 ملم ابيض تركي| | B9: =IF(A9="","",HYPERLINK("#الاصناف!E"&MATCH(LEFT(A9,FIND("|",A9)-1),الاصناف!E:E,0),"✏️ " & LEFT(A9,FIND("|",A9)-1))) -> ✏️ قسطل تلحيم 63 ملم ابيض تركي | C9: =IF(A9="","",HYPERLINK("#الاصناف!G"&MATCH(LEFT(A9,FIND("|",A9)-1),الاصناف!E:E,0),"💰 " & RIGHT(A9,LEN(A9)-FIND("|",A9)) & " $")) -> 💰 $
A10: قسطل تلحيم 63 ملم اخضر تركي|23 | B10: =IF(A10="","",HYPERLINK("#الاصناف!E"&MATCH(LEFT(A10,FIND("|",A10)-1),الاصناف!E:E,0),"✏️ " & LEFT(A10,FIND("|",A10)-1))) -> ✏️ قسطل تلحيم 63 ملم اخضر تركي | C10: =IF(A10="","",HYPERLINK("#الاصناف!G"&MATCH(LEFT(A10,FIND("|",A10)-1),الاصناف!E:E,0),"💰 " & RIGHT(A10,LEN(A10)-FIND("|",A10)) & " $")) -> 💰 23 $
A11: قسطل تلحيم 63 ملم اسود تركي| | B11: =IF(A11="","",HYPERLINK("#الاصناف!E"&MATCH(LEFT(A11,FIND("|",A11)-1),الاصناف!E:E,0),"✏️ " & LEFT(A11,FIND("|",A11)-1))) -> ✏️ قسطل تلحيم 63 ملم اسود تركي | C11: =IF(A11="","",HYPERLINK("#الاصناف!G"&MATCH(LEFT(A11,FIND("|",A11)-1),الاصناف!E:E,0),"💰 " & RIGHT(A11,LEN(A11)-FIND("|",A11)) & " $")) -> 💰 $
A12: قسطل تلحيم فيبر 63 ملم اخضر تركي| | B12: =IF(A12="","",HYPERLINK("#الاصناف!E"&MATCH(LEFT(A12,FIND("|",A12)-1),الاصناف!E:E,0),"✏️ " & LEFT(A12,FIND("|",A12)-1))) -> ✏️ قسطل تلحيم فيبر 63 ملم اخضر تركي | C12: =IF(A12="","",HYPERLINK("#الاصناف!G"&MATCH(LEFT(A12,FIND("|",A12)-1),الاصناف!E:E,0),"💰 " & RIGHT(A12,LEN(A12)-FIND("|",A12)) & " $")) -> 💰 $
A13: قسطل ضغط 63 ملم رمادي| | B13: =IF(A13="","",HYPERLINK("#الاصناف!E"&MATCH(LEFT(A13,FIND("|",A13)-1),الاصناف!E:E,0),"✏️ " & LEFT(A13,FIND("|",A13)-1))) -> ✏️ قسطل ضغط 63 ملم رمادي | C13: =IF(A13="","",HYPERLINK("#الاصناف!G"&MATCH(LEFT(A13,FIND("|",A13)-1),الاصناف!E:E,0),"💰 " & RIGHT(A13,LEN(A13)-FIND("|",A13)) & " $")) -> 💰 $
A14: قسطل تلحيم 63 ملم اخضر ايطالي ITALY RIETTI| | B14: =IF(A14="","",HYPERLINK("#الاصناف!E"&MATCH(LEFT(A14,FIND("|",A14)-1),الاصناف!E:E,0),"✏️ " & LEFT(A14,FIND("|",A14)-1))) -> ✏️ قسطل تلحيم 63 ملم اخضر ايطالي ITALY RIETTI | C14: =IF(A14="","",HYPERLINK("#الاصناف!G"&MATCH(LEFT(A14,FIND("|",A14)-1),الاصناف!E:E,0),"💰 " & RIGHT(A14,LEN(A14)-FIND("|",A14)) & " $")) -> 💰 $
B15: =IF(A15="","",HYPERLINK("#الاصناف!E"&MATCH(LEFT(A15,FIND("|",A15)-1),الاصناف!E:E,0),"✏️ " & LEFT(A15,FIND("|",A15)-1))) | C15: =IF(A15="","",HYPERLINK("#الاصناف!G"&MATCH(LEFT(A15,FIND("|",A15)-1),الاصناف!E:E,0),"💰 " & RIGHT(A15,LEN(A15)-FIND("|",A15)) & " $"))
B16: =IF(A16="","",HYPERLINK("#الاصناف!E"&MATCH(LEFT(A16,FIND("|",A16)-1),الاصناف!E:E,0),"✏️ " & LEFT(A16,FIND("|",A16)-1))) | C16: =IF(A16="","",HYPERLINK("#الاصناف!G"&MATCH(LEFT(A16,FIND("|",A16)-1),الاصناف!E:E,0),"💰 " & RIGHT(A16,LEN(A16)-FIND("|",A16)) & " $"))
B17: =IF(A17="","",HYPERLINK("#الاصناف!E"&MATCH(LEFT(A17,FIND("|",A17)-1),الاصناف!E:E,0),"✏️ " & LEFT(A17,FIND("|",A17)-1))) | C17: =IF(A17="","",HYPERLINK("#الاصناف!G"&MATCH(LEFT(A17,FIND("|",A17)-1),الاصناف!E:E,0),"💰 " & RIGHT(A17,LEN(A17)-FIND("|",A17)) & " $"))
B18: =IF(A18="","",HYPERLINK("#الاصناف!E"&MATCH(LEFT(A18,FIND("|",A18)-1),الاصناف!E:E,0),"✏️ " & LEFT(A18,FIND("|",A18)-1))) | C18: =IF(A18="","",HYPERLINK("#الاصناف!G"&MATCH(LEFT(A18,FIND("|",A18)-1),الاصناف!E:E,0),"💰 " & RIGHT(A18,LEN(A18)-FIND("|",A18)) & " $"))
B19: =IF(A19="","",HYPERLINK("#الاصناف!E"&MATCH(LEFT(A19,FIND("|",A19)-1),الاصناف!E:E,0),"✏️ " & LEFT(A19,FIND("|",A19)-1))) | C19: =IF(A19="","",HYPERLINK("#الاصناف!G"&MATCH(LEFT(A19,FIND("|",A19)-1),الاصناف!E:E,0),"💰 " & RIGHT(A19,LEN(A19)-FIND("|",A19)) & " $"))
B20: =IF(A20="","",HYPERLINK("#الاصناف!E"&MATCH(LEFT(A20,FIND("|",A20)-1),الاصناف!E:E,0),"✏️ " & LEFT(A20,FIND("|",A20)-1))) | C20: =IF(A20="","",HYPERLINK("#الاصناف!G"&MATCH(LEFT(A20,FIND("|",A20)-1),الاصناف!E:E,0),"💰 " & RIGHT(A20,LEN(A20)-FIND("|",A20)) & " $"))
B21: =IF(A21="","",HYPERLINK("#الاصناف!E"&MATCH(LEFT(A21,FIND("|",A21)-1),الاصناف!E:E,0),"✏️ " & LEFT(A21,FIND("|",A21)-1))) | C21: =IF(A21="","",HYPERLINK("#الاصناف!G"&MATCH(LEFT(A21,FIND("|",A21)-1),الاصناف!E:E,0),"💰 " & RIGHT(A21,LEN(A21)-FIND("|",A21)) & " $"))
B22: =IF(A22="","",HYPERLINK("#الاصناف!E"&MATCH(LEFT(A22,FIND("|",A22)-1),الاصناف!E:E,0),"✏️ " & LEFT(A22,FIND("|",A22)-1))) | C22: =IF(A22="","",HYPERLINK("#الاصناف!G"&MATCH(LEFT(A22,FIND("|",A22)-1),الاصناف!E:E,0),"💰 " & RIGHT(A22,LEN(A22)-FIND("|",A22)) & " $"))
B23: =IF(A23="","",HYPERLINK("#الاصناف!E"&MATCH(LEFT(A23,FIND("|",A23)-1),الاصناف!E:E,0),"✏️ " & LEFT(A23,FIND("|",A23)-1))) | C23: =IF(A23="","",HYPERLINK("#الاصناف!G"&MATCH(LEFT(A23,FIND("|",A23)-1),الاصناف!E:E,0),"💰 " & RIGHT(A23,LEN(A23)-FIND("|",A23)) & " $"))
B24: =IF(A24="","",HYPERLINK("#الاصناف!E"&MATCH(LEFT(A24,FIND("|",A24)-1),الاصناف!E:E,0),"✏️ " & LEFT(A24,FIND("|",A24)-1))) | C24: =IF(A24="","",HYPERLINK("#الاصناف!G"&MATCH(LEFT(A24,FIND("|",A24)-1),الاصناف!E:E,0),"💰 " & RIGHT(A24,LEN(A24)-FIND("|",A24)) & " $"))
B25: =IF(A25="","",HYPERLINK("#الاصناف!E"&MATCH(LEFT(A25,FIND("|",A25)-1),الاصناف!E:E,0),"✏️ " & LEFT(A25,FIND("|",A25)-1))) | C25: =IF(A25="","",HYPERLINK("#الاصناف!G"&MATCH(LEFT(A25,FIND("|",A25)-1),الاصناف!E:E,0),"💰 " & RIGHT(A25,LEN(A25)-FIND("|",A25)) & " $"))
B26: =IF(A26="","",HYPERLINK("#الاصناف!E"&MATCH(LEFT(A26,FIND("|",A26)-1),الاصناف!E:E,0),"✏️ " & LEFT(A26,FIND("|",A26)-1))) | C26: =IF(A26="","",HYPERLINK("#الاصناف!G"&MATCH(LEFT(A26,FIND("|",A26)-1),الاصناف!E:E,0),"💰 " & RIGHT(A26,LEN(A26)-FIND("|",A26)) & " $"))
... B500: =IF(A500="","",HYPERLINK("#الاصناف!E"&MATCH(LEFT(A500,FIND("|",A500)-1),الاصناف!E:E,0),"✏️ " & LEFT(A500,FIND("|",A500)-1))) | C500: =IF(A500="","",HYPERLINK("#الاصناف!G"&MATCH(LEFT(A500,FIND("|",A500)-1),الاصناف!E:E,0),"💰 " & RIGHT(A500,LEN(A500)-FIND("|",A500)) & " $"))

Sheet المسعّر
A1: Item_name | B1: Sale1
A2: {=_xlfn.LET( _xlpm.data, _xlfn._xlws.FILTER(الاصناف!E2:G9992, الاصناف!G2:G9992>0), IF(COUNTA(_xlpm.data)=0, "لا نتائج", _xlfn.CHOOSECOLS(_xlpm.data, 1, 3)) )} -> LEO 2ACm150 2HP 220V موتير ليو توربين | B2: 175
A3: LEO 4 ACM/60 طلمبة ماء صامته | B3: 100
A4: LEO 4 ACM/75 طلمبة ماء صامتة | B4: 125
A5: LEO PQ50E طلمبة ماء اتوماتيك مع غطاء | B5: 80
A6: LEO PRESS CONTROL | B6: 25
A7: LEO موتير 0.5 حصان صامت ليو 3ACM45 | B7: 85
A8: LEO موتير 0.5 حصان ليو ACM37 TURBINE | B8: 75
A9: LEO موتير 0.5 حصان ليو APM37 | B9: 35
A10: LEO موتير 0.75 حصان ليو APM 60 | B10: 55
A11: LEO موتير 1 حصان صامت ليو | B11: 120
A12: LEO موتير 1 حصان ليو APM 90 طلمبة ماء | B12: 95
A13: LEO موتير 1.5 حصان ليو APM 110 طلمبة ماء عادي | B13: 145
A14: LEO موتير اتوماتيك ليو XKSM13O طرمبة مع برس كنترول | B14: 75
... A721: رزستانس طاقه شمسيه 1 انش | B721: 25
